{"parameters":{"text_panel":{"size":["95%","25%"],"color":"#efefff","indent_text":"8px","indent_bottom":"32px","size_text":"20px","style":"border-radius:16px;","dialog_speed":"10","position":["0","0","0"],"font_family":"Arial","art":{"en":"","ja":""},"className":"","color_text":""},"name_panel":{"size":["0","48px"],"position":["0","0","-48px","0"],"size_text":"18px","indent_text":0,"art":{"en":"","ja":""},"className":"","font_family":"","color_text":"","color":""},"title":{"en":"Time Gal","ja":"タイムギャル"},"launch_story":"add_js","key":{"next":"","back":"","save":"","load":"","full_screen":"","launch_story":"","load_autosave":""},"languares":["en","ja"],"buttons":[{"name":"tue_back","style":"border-radius:26px;","position":["0","55%","0","8px"],"size":["52px","52px"],"color":"","size_text":"44px","text":{"en":"<","ja":"<"},"art":{"en":"","ja":""},"sound":{"en":"","ja":""}},{"name":"tue_next","style":"border-radius:26px;","position":["55%","0","0","8px"],"size":["52px","52px"],"color":"","size_text":"44px","text":{"en":">","ja":">"},"art":{"en":"","ja":""},"sound":{"en":"","ja":""}}],"style_file":"","autosave":false,"font":"Arial","font_size":"18px","plugins":[],"icon":"icon.gif","font_files":{},"variables":{},"characters":{},"sounds":{}},"blocks":{"intro":["386px","71px","block",""],"add_js":["33px","68px","block",""],"story":["724px","69px","block",""],"dead_1":["44px","1660px","none",""],"dead_2":["35px","2555.44px","none",""],"dead_3":["38px","3569px","none",""],"dead_4":["63px","4426px","none",""],"dead_5":["70px","4817px","none",""],"dead_6":["62px","5462px","none",""],"dead_7":["66px","5972px","none",""]},"intro":[{"background_image":"","dialogs":[{"video":{"url":"time_gal.mp4","time_start":"0","time_end":"18.6","loop":true},"choice":[{"go_to":"story","position":["50%",0,0,"15%"],"size":["166px","52px"],"color":"#efefff","text":{"en":"Start","ja":" スタート"},"style":"border-radius:16px;","font_family":"Arial","art":{"en":"","ja":""},"sound":{"en":"","ja":""},"hotspot":["-50%","-50%"]}]}],"background_color":"#000000"}],"add_js":[{"background_image":"","dialogs":[{"timer":[500,"intro"],"js":"document.addEventListener('keydown',function(e){\nif(tue_story=='intro'){\n    if(e.code=='Enter'){go_to('story');}\n}else if(tue_story=='story'){\n    if(dialog==0){\n        if(e.code=='ArrowUp'){go_to('dead_1');}\n        else if(e.code=='ArrowRight'){go_story(true);}\n        else if(e.code=='ArrowDown') {go_to('dead_1');}\n        else if(e.code=='ArrowLeft') {go_to('dead_1');}\n    }else if(dialog==1){\n        if(e.code=='ArrowUp'){go_to('dead_1');}\n        else if(e.code=='ArrowRight'){go_to('dead_1');}\n        else if(e.code=='ArrowDown') {go_story(true);}\n        else if(e.code=='ArrowLeft') {go_to('dead_1');}\n    }else if(dialog==2){\n        if(e.code=='ArrowUp'){go_story(true);}\n        else if(e.code=='ArrowRight'){go_to('dead_1');}\n        else if(e.code=='ArrowDown') {go_to('dead_1');}\n        else if(e.code=='ArrowLeft') {go_to('dead_1');}\n    }else if(dialog==3){\n        if(e.code=='ArrowUp'){go_to('dead_1');}\n        else if(e.code=='ArrowRight'){go_to('dead_1');}\n        else if(e.code=='ArrowDown') {go_story(true);}\n        else if(e.code=='ArrowLeft') {go_to('dead_1');}\n    }else if(dialog==4){\n        if(e.code=='ArrowUp'){go_to('dead_2');}\n        else if(e.code=='ArrowRight'){go_story(true);}\n        else if(e.code=='ArrowDown') {go_to('dead_2');}\n        else if(e.code=='ArrowLeft') {go_to('dead_2');}\n    }else if(dialog==5){\n        if(e.code=='ArrowUp'){go_to('dead_2');}\n        else if(e.code=='ArrowRight'){go_to('dead_2');}\n        else if(e.code=='ArrowDown') {go_to('dead_2');}\n        else if(e.code=='ArrowLeft') {go_story(true);}\n    }else if(dialog==6){\n        if(e.code=='ArrowUp'){go_story(true);}\n        else if(e.code=='ArrowRight'){go_to('dead_2');}\n        else if(e.code=='ArrowDown') {go_to('dead_2');}\n        else if(e.code=='ArrowLeft') {go_to('dead_2');}\n    }else if(dialog==7){\n        if(e.code=='ArrowUp'){go_to('dead_3');}\n        else if(e.code=='ArrowRight'){go_to('dead_3');}\n        else if(e.code=='ArrowDown') {go_story(true);}\n        else if(e.code=='ArrowLeft') {go_to('dead_3');}\n    }else if(dialog==8){\n        if(e.code=='ArrowUp'){go_to('dead_1');}\n        else if(e.code=='ArrowRight'){go_story(true);}\n        else if(e.code=='ArrowDown') {go_to('dead_1');}\n        else if(e.code=='ArrowLeft') {go_to('dead_1');}\n    }else if(dialog==10){\n        if(e.code=='ArrowUp'){go_to('dead_4');}\n        else if(e.code=='ArrowRight'){go_story(true);}\n        else if(e.code=='ArrowDown') {go_to('dead_4');}\n        else if(e.code=='ArrowLeft') {go_to('dead_4');}\n    }else if(dialog==11){\n        if(e.code=='ArrowUp'){go_story(true);}\n        else if(e.code=='ArrowRight'){go_to('dead_4');}\n        else if(e.code=='ArrowDown') {go_to('dead_4');}\n        else if(e.code=='ArrowLeft') {go_to('dead_4');}\n    }else if(dialog==12){\n        if(e.code=='ArrowUp'){go_to('dead_5');}\n        else if(e.code=='ArrowRight'){go_to('dead_5');}\n        else if(e.code=='ArrowDown') {go_to('dead_5');}\n        else if(e.code=='ArrowLeft') {go_story(true);}\n    }else if(dialog==13){\n        if(e.code=='ArrowUp'){go_story(true);}\n        else if(e.code=='ArrowRight'){go_to('dead_6');}\n        else if(e.code=='ArrowDown') {go_to('dead_6');}\n        else if(e.code=='ArrowLeft') {go_to('dead_6');}\n    }else if(dialog==14){\n        if(e.code=='ArrowUp'){go_to('dead_6');}\n        else if(e.code=='ArrowRight'){go_story(true);}\n        else if(e.code=='ArrowDown') {go_to('dead_6');}\n        else if(e.code=='ArrowLeft') {go_to('dead_6');}\n    }else if(dialog==15){\n        if(e.code=='ArrowUp'){go_to('dead_6');}\n        else if(e.code=='ArrowRight'){go_to('dead_6');}\n        else if(e.code=='ArrowDown') {go_story(true);}\n        else if(e.code=='ArrowLeft') {go_to('dead_6');}\n    }else if(dialog==16){\n        if(e.code=='ArrowUp'){go_to('dead_7');}\n        else if(e.code=='ArrowRight'){go_story(true);}\n        else if(e.code=='ArrowDown') {go_to('dead_7');}\n        else if(e.code=='ArrowLeft') {go_to('dead_7');}\n    }else if(dialog==17){\n        if(e.code=='ArrowUp'){go_to('dead_7');}\n        else if(e.code=='ArrowRight'){go_to('dead_7');}\n        else if(e.code=='ArrowDown') {go_story(true);}\n        else if(e.code=='ArrowLeft') {go_to('dead_7');}\n    }else if(dialog==18){\n        if(e.code=='ArrowUp'){go_to('dead_6');}\n        else if(e.code=='ArrowRight'){go_story(true);}\n        else if(e.code=='ArrowDown') {go_to('dead_6');}\n        else if(e.code=='ArrowLeft') {go_to('dead_6');}\n    }}\n});\n"}],"background_color":"#000000"}],"story":[{"background_image":"","dialogs":[{"video":{"url":"time_gal.mp4","time_start":"18.8","time_end":"24.4","go_to":"dead_1","sound":"100"},"choice":[{"go_to":"tue_no","position":["","80px","","80px"],"size":["64px","64px"],"color":"#efefff","style":""},{"go_to":"dead_1","position":[0,"80px",0,"144px"],"size":["64px","64px"],"color":"#efefff","text":{"en":"^","ja":"^"},"style":"border-radius:16px 16px 0 0;"},{"go_to":"tue_go","position":[0,"16px",0,"80px"],"size":["64px","64px"],"color":"#efefff","text":{"en":">","ja":">"},"style":"border-radius:0 16px 16px 0;"},{"go_to":"dead_1","position":["","80px","","16px"],"size":["64px","64px"],"color":"#efefff","text":{"en":"V","ja":"V"},"style":"border-radius:0 0 16px 16px;"},{"go_to":"dead_1","position":["","144px","","80px"],"size":["64px","64px"],"color":"#efefff","text":{"en":"<","ja":"<"},"style":"border-radius:16px 0 0 16px;"}]},{"video":{"url":"time_gal.mp4","time_start":"24.4","time_end":"27.3","go_to":"dead_1","sound":"100"},"choice":[{"go_to":"tue_no","position":["","80px","","80px"],"size":["64px","64px"],"color":"#efefff","style":"","text":""},{"go_to":"dead_1","position":[0,"80px",0,"144px"],"size":["64px","64px"],"color":"#efefff","text":{"en":"^","ja":"^"},"style":"border-radius:16px 16px 0 0;"},{"go_to":"dead_1","position":[0,"16px",0,"80px"],"size":["64px","64px"],"color":"#efefff","text":{"en":">","ja":">"},"style":"border-radius:0 16px 16px 0;"},{"go_to":"tue_go","position":["","80px","","16px"],"size":["64px","64px"],"color":"#efefff","text":{"en":"V","ja":"V"},"style":"border-radius:0 0 16px 16px;"},{"go_to":"dead_1","position":["","144px","","80px"],"size":["64px","64px"],"color":"#efefff","text":{"en":"<","ja":"<"},"style":"border-radius:16px 0 0 16px;"}]},{"video":{"url":"time_gal.mp4","time_start":"27.3","time_end":"30.4","go_to":"dead_1","sound":"100"},"choice":[{"go_to":"tue_no","position":["","80px","","80px"],"size":["64px","64px"],"color":"#efefff","style":"","text":""},{"go_to":"tue_go","position":[0,"80px",0,"144px"],"size":["64px","64px"],"color":"#efefff","text":{"en":"^","ja":"^"},"style":"border-radius:16px 16px 0 0;"},{"go_to":"dead_1","position":[0,"16px",0,"80px"],"size":["64px","64px"],"color":"#efefff","text":{"en":">","ja":">"},"style":"border-radius:0 16px 16px 0;"},{"go_to":"dead_1","position":["","80px","","16px"],"size":["64px","64px"],"color":"#efefff","text":{"en":"V","ja":"V"},"style":"border-radius:0 0 16px 16px;"},{"go_to":"dead_1","position":["","144px","","80px"],"size":["64px","64px"],"color":"#efefff","text":{"en":"<","ja":"<"},"style":"border-radius:16px 0 0 16px;"}]},{"video":{"url":"time_gal.mp4","time_start":"30.4","time_end":"34.3","go_to":"dead_1","sound":"100"},"choice":[{"go_to":"tue_no","position":["","80px","","80px"],"size":["64px","64px"],"color":"#efefff","style":""},{"go_to":"dead_1","position":[0,"80px",0,"144px"],"size":["64px","64px"],"color":"#efefff","text":{"en":"^","ja":"^"},"style":"border-radius:16px 16px 0 0;"},{"go_to":"dead_1","position":[0,"16px",0,"80px"],"size":["64px","64px"],"color":"#efefff","text":{"en":">","ja":">"},"style":"border-radius:0 16px 16px 0;"},{"go_to":"tue_go","position":["","80px","","16px"],"size":["64px","64px"],"color":"#efefff","text":{"en":"V","ja":"V"},"style":"border-radius:0 0 16px 16px;"},{"go_to":"dead_1","position":["","144px","","80px"],"size":["64px","64px"],"color":"#efefff","text":{"en":"<","ja":"<"},"style":"border-radius:16px 0 0 16px;"}]},{"video":{"url":"time_gal.mp4","time_start":"34.3","time_end":"40.7","go_to":"dead_2","sound":"100"},"choice":[{"go_to":"tue_no","position":["","80px","","80px"],"size":["64px","64px"],"color":"#efefff","style":"","text":""},{"go_to":"dead_2","position":[0,"80px",0,"144px"],"size":["64px","64px"],"color":"#efefff","text":{"en":"^","ja":"^"},"style":"border-radius:16px 16px 0 0;"},{"go_to":"tue_go","position":[0,"16px",0,"80px"],"size":["64px","64px"],"color":"#efefff","text":{"en":">","ja":">"},"style":"border-radius:0 16px 16px 0;"},{"go_to":"dead_2","position":["","80px","","16px"],"size":["64px","64px"],"color":"#efefff","text":{"en":"V","ja":"V"},"style":"border-radius:0 0 16px 16px;"},{"go_to":"dead_2","position":["","144px","","80px"],"size":["64px","64px"],"color":"#efefff","text":{"en":"<","ja":"<"},"style":"border-radius:16px 0 0 16px;"}]},{"video":{"url":"time_gal.mp4","time_start":"40.7","time_end":"43.4","go_to":"dead_2","sound":"100"},"choice":[{"go_to":"tue_no","position":["","80px","","80px"],"size":["64px","64px"],"color":"#efefff","style":"","text":""},{"go_to":"dead_2","position":[0,"80px",0,"144px"],"size":["64px","64px"],"color":"#efefff","text":{"en":"^","ja":"^"},"style":"border-radius:16px 16px 0 0;"},{"go_to":"dead_2","position":[0,"16px",0,"80px"],"size":["64px","64px"],"color":"#efefff","text":{"en":">","ja":">"},"style":"border-radius:0 16px 16px 0;"},{"go_to":"dead_2","position":["","80px","","16px"],"size":["64px","64px"],"color":"#efefff","text":{"en":"V","ja":"V"},"style":"border-radius:0 0 16px 16px;"},{"go_to":"tue_go","position":["","144px","","80px"],"size":["64px","64px"],"color":"#efefff","text":{"en":"<","ja":"<"},"style":"border-radius:16px 0 0 16px;"}]},{"video":{"url":"time_gal.mp4","time_start":"43.4","time_end":"47.6","go_to":"dead_2","sound":"100"},"choice":[{"go_to":"tue_no","position":["","80px","","80px"],"size":["64px","64px"],"color":"#efefff","style":""},{"go_to":"tue_go","position":[0,"80px",0,"144px"],"size":["64px","64px"],"color":"#efefff","text":{"en":"^","ja":"^"},"style":"border-radius:16px 16px 0 0;"},{"go_to":"dead_2","position":[0,"16px",0,"80px"],"size":["64px","64px"],"color":"#efefff","text":{"en":">","ja":">"},"style":"border-radius:0 16px 16px 0;"},{"go_to":"dead_2","position":["","80px","","16px"],"size":["64px","64px"],"color":"#efefff","text":{"en":"V","ja":"V"},"style":"border-radius:0 0 16px 16px;"},{"go_to":"dead_2","position":["","144px","","80px"],"size":["64px","64px"],"color":"#efefff","text":{"en":"<","ja":"<"},"style":"border-radius:16px 0 0 16px;"}]},{"video":{"url":"time_gal.mp4","time_start":"47.6","time_end":"52","go_to":"dead_3","sound":"100"},"choice":[{"go_to":"tue_no","position":["","80px","","80px"],"size":["64px","64px"],"color":"#efefff","style":""},{"go_to":"dead_3","position":[0,"80px",0,"144px"],"size":["64px","64px"],"color":"#efefff","text":{"en":"^","ja":"^"},"style":"border-radius:16px 16px 0 0;"},{"go_to":"dead_3","position":[0,"16px",0,"80px"],"size":["64px","64px"],"color":"#efefff","text":{"en":">","ja":">"},"style":"border-radius:0 16px 16px 0;"},{"go_to":"tue_go","position":["","80px","","16px"],"size":["64px","64px"],"color":"#efefff","text":{"en":"V","ja":"V"},"style":"border-radius:0 0 16px 16px;"},{"go_to":"dead_3","position":["","144px","","80px"],"size":["64px","64px"],"color":"#efefff","text":{"en":"<","ja":"<"},"style":"border-radius:16px 0 0 16px;"}]},{"video":{"url":"time_gal.mp4","time_start":"52","time_end":"57.9","go_to":"dead_1","sound":"100"},"choice":[{"go_to":"tue_no","position":["","80px","","80px"],"size":["64px","64px"],"color":"#efefff","style":""},{"go_to":"dead_1","position":[0,"80px",0,"144px"],"size":["64px","64px"],"color":"#efefff","text":{"en":"^","ja":"^"},"style":"border-radius:16px 16px 0 0;"},{"go_to":"tue_go","position":[0,"16px",0,"80px"],"size":["64px","64px"],"color":"#efefff","text":{"en":">","ja":">"},"style":"border-radius:0 16px 16px 0;"},{"go_to":"dead_1","position":["","80px","","16px"],"size":["64px","64px"],"color":"#efefff","text":{"en":"V","ja":"V"},"style":"border-radius:0 0 16px 16px;"},{"go_to":"dead_1","position":["","144px","","80px"],"size":["64px","64px"],"color":"#efefff","text":{"en":"<","ja":"<"},"style":"border-radius:16px 0 0 16px;"}]},{"video":{"url":"time_gal.mp4","time_end":"61.32","go_to":"tue_go","sound":"100","time_start":"57.9"}},{"video":{"url":"time_gal.mp4","time_end":"72.8","go_to":"dead_4","sound":"100","time_start":"66.5"},"choice":[{"go_to":"tue_no","position":["","80px","","80px"],"size":["64px","64px"],"color":"#efefff","style":""},{"go_to":"dead_4","position":[0,"80px",0,"144px"],"size":["64px","64px"],"color":"#efefff","text":{"en":"^","ja":"^"},"style":"border-radius:16px 16px 0 0;"},{"go_to":"tue_go","position":[0,"16px",0,"80px"],"size":["64px","64px"],"color":"#efefff","text":{"en":">","ja":">"},"style":"border-radius:0 16px 16px 0;"},{"go_to":"dead_4","position":["","80px","","16px"],"size":["64px","64px"],"color":"#efefff","text":{"en":"V","ja":"V"},"style":"border-radius:0 0 16px 16px;"},{"go_to":"dead_4","position":["","144px","","80px"],"size":["64px","64px"],"color":"#efefff","text":{"en":"<","ja":"<"},"style":"border-radius:16px 0 0 16px;"}]},{"video":{"url":"time_gal.mp4","time_end":"77.6","go_to":"dead_4","sound":"100","time_start":"72.8"},"choice":[{"go_to":"tue_no","position":["","80px","","80px"],"size":["64px","64px"],"color":"#efefff","style":""},{"go_to":"tue_go","position":[0,"80px",0,"144px"],"size":["64px","64px"],"color":"#efefff","text":{"en":"^","ja":"^"},"style":"border-radius:16px 16px 0 0;"},{"go_to":"dead_4","position":[0,"16px",0,"80px"],"size":["64px","64px"],"color":"#efefff","text":{"en":">","ja":">"},"style":"border-radius:0 16px 16px 0;"},{"go_to":"dead_4","position":["","80px","","16px"],"size":["64px","64px"],"color":"#efefff","text":{"en":"V","ja":"V"},"style":"border-radius:0 0 16px 16px;"},{"go_to":"dead_4","position":["","144px","","80px"],"size":["64px","64px"],"color":"#efefff","text":{"en":"<","ja":"<"},"style":"border-radius:16px 0 0 16px;"}]},{"video":{"url":"time_gal.mp4","time_end":"81.3","go_to":"dead_5","sound":"100","time_start":"77.6"},"choice":[{"go_to":"tue_no","position":["","80px","","80px"],"size":["64px","64px"],"color":"#efefff","style":""},{"go_to":"dead_5","position":[0,"80px",0,"144px"],"size":["64px","64px"],"color":"#efefff","text":{"en":"^","ja":"^"},"style":"border-radius:16px 16px 0 0;"},{"go_to":"dead_5","position":[0,"16px",0,"80px"],"size":["64px","64px"],"color":"#efefff","text":{"en":">","ja":">"},"style":"border-radius:0 16px 16px 0;"},{"go_to":"dead_5","position":["","80px","","16px"],"size":["64px","64px"],"color":"#efefff","text":{"en":"V","ja":"V"},"style":"border-radius:0 0 16px 16px;"},{"go_to":"tue_go","position":["","144px","","80px"],"size":["64px","64px"],"color":"#efefff","text":{"en":"<","ja":"<"},"style":"border-radius:16px 0 0 16px;"}]},{"video":{"url":"time_gal.mp4","time_end":"83.6","go_to":"dead_6","sound":"100","time_start":"81.3"},"choice":[{"go_to":"tue_no","position":["","80px","","80px"],"size":["64px","64px"],"color":"#efefff","style":""},{"go_to":"tue_go","position":[0,"80px",0,"144px"],"size":["64px","64px"],"color":"#efefff","text":{"en":"^","ja":"^"},"style":"border-radius:16px 16px 0 0;"},{"go_to":"dead_6","position":[0,"16px",0,"80px"],"size":["64px","64px"],"color":"#efefff","text":{"en":">","ja":">"},"style":"border-radius:0 16px 16px 0;"},{"go_to":"dead_6","position":["","80px","","16px"],"size":["64px","64px"],"color":"#efefff","text":{"en":"V","ja":"V"},"style":"border-radius:0 0 16px 16px;"},{"go_to":"dead_6","position":["","144px","","80px"],"size":["64px","64px"],"color":"#efefff","text":{"en":"<","ja":"<"},"style":"border-radius:16px 0 0 16px;"}]},{"video":{"url":"time_gal.mp4","time_end":"90.4","go_to":"dead_6","sound":"100","time_start":"83.6"},"choice":[{"go_to":"tue_no","position":["","80px","","80px"],"size":["64px","64px"],"color":"#efefff","style":""},{"go_to":"dead_6","position":[0,"80px",0,"144px"],"size":["64px","64px"],"color":"#efefff","text":{"en":"^","ja":"^"},"style":"border-radius:16px 16px 0 0;"},{"go_to":"tue_go","position":[0,"16px",0,"80px"],"size":["64px","64px"],"color":"#efefff","text":{"en":">","ja":">"},"style":"border-radius:0 16px 16px 0;"},{"go_to":"dead_6","position":["","80px","","16px"],"size":["64px","64px"],"color":"#efefff","text":{"en":"V","ja":"V"},"style":"border-radius:0 0 16px 16px;"},{"go_to":"dead_6","position":["","144px","","80px"],"size":["64px","64px"],"color":"#efefff","text":{"en":"<","ja":"<"},"style":"border-radius:16px 0 0 16px;"}]},{"video":{"url":"time_gal.mp4","time_end":"94","go_to":"dead_6","sound":"100","time_start":"90.4"},"choice":[{"go_to":"tue_no","position":["","80px","","80px"],"size":["64px","64px"],"color":"#efefff","style":""},{"go_to":"dead_6","position":[0,"80px",0,"144px"],"size":["64px","64px"],"color":"#efefff","text":{"en":"^","ja":"^"},"style":"border-radius:16px 16px 0 0;"},{"go_to":"dead_6","position":[0,"16px",0,"80px"],"size":["64px","64px"],"color":"#efefff","text":{"en":">","ja":">"},"style":"border-radius:0 16px 16px 0;"},{"go_to":"tue_go","position":["","80px","","16px"],"size":["64px","64px"],"color":"#efefff","text":{"en":"V","ja":"V"},"style":"border-radius:0 0 16px 16px;"},{"go_to":"dead_6","position":["","144px","","80px"],"size":["64px","64px"],"color":"#efefff","text":{"en":"<","ja":"<"},"style":"border-radius:16px 0 0 16px;"}]},{"video":{"url":"time_gal.mp4","time_end":"98","go_to":"dead_7","sound":"100","time_start":"94"},"choice":[{"go_to":"tue_no","position":["","80px","","80px"],"size":["64px","64px"],"color":"#efefff","style":""},{"go_to":"dead_7","position":[0,"80px",0,"144px"],"size":["64px","64px"],"color":"#efefff","text":{"en":"^","ja":"^"},"style":"border-radius:16px 16px 0 0;"},{"go_to":"tue_go","position":[0,"16px",0,"80px"],"size":["64px","64px"],"color":"#efefff","text":{"en":">","ja":">"},"style":"border-radius:0 16px 16px 0;"},{"go_to":"dead_7","position":["","80px","","16px"],"size":["64px","64px"],"color":"#efefff","text":{"en":"V","ja":"V"},"style":"border-radius:0 0 16px 16px;"},{"go_to":"dead_7","position":["","144px","","80px"],"size":["64px","64px"],"color":"#efefff","text":{"en":"<","ja":"<"},"style":"border-radius:16px 0 0 16px;"}]},{"video":{"url":"time_gal.mp4","time_end":"100","go_to":"dead_7","sound":"100","time_start":"98"},"choice":[{"go_to":"tue_no","position":["","80px","","80px"],"size":["64px","64px"],"color":"#efefff","style":""},{"go_to":"dead_7","position":[0,"80px",0,"144px"],"size":["64px","64px"],"color":"#efefff","text":{"en":"^","ja":"^"},"style":"border-radius:16px 16px 0 0;"},{"go_to":"dead_7","position":[0,"16px",0,"80px"],"size":["64px","64px"],"color":"#efefff","text":{"en":">","ja":">"},"style":"border-radius:0 16px 16px 0;"},{"go_to":"tue_go","position":["","80px","","16px"],"size":["64px","64px"],"color":"#efefff","text":{"en":"V","ja":"V"},"style":"border-radius:0 0 16px 16px;"},{"go_to":"dead_7","position":["","144px","","80px"],"size":["64px","64px"],"color":"#efefff","text":{"en":"<","ja":"<"},"style":"border-radius:16px 0 0 16px;"}]},{"video":{"url":"time_gal.mp4","time_end":"114.2","go_to":"dead_6","sound":"100","time_start":"109.8"},"choice":[{"go_to":"tue_no","position":["","80px","","80px"],"size":["64px","64px"],"color":"#efefff","style":""},{"go_to":"dead_6","position":[0,"80px",0,"144px"],"size":["64px","64px"],"color":"#efefff","text":{"en":"^","ja":"^"},"style":"border-radius:16px 16px 0 0;"},{"go_to":"tue_go","position":[0,"16px",0,"80px"],"size":["64px","64px"],"color":"#efefff","text":{"en":">","ja":">"},"style":"border-radius:0 16px 16px 0;"},{"go_to":"dead_6","position":["","80px","","16px"],"size":["64px","64px"],"color":"#efefff","text":{"en":"V","ja":"V"},"style":"border-radius:0 0 16px 16px;"},{"go_to":"dead_6","position":["","144px","","80px"],"size":["64px","64px"],"color":"#efefff","text":{"en":"<","ja":"<"},"style":"border-radius:16px 0 0 16px;"}]},{"video":{"url":"time_gal.mp4","go_to":"intro","sound":"100","time_start":"114.2"}}],"background_color":"#000000"}],"dead_1":[{"background_image":"","dialogs":[{"video":{"url":"time_gal.mp4","time_start":"61.43","time_end":"63","go_to":"intro","sound":"100"}}],"background_color":"#000000"}],"dead_2":[{"background_image":"","dialogs":[{"video":{"url":"time_gal.mp4","time_start":"63.6","time_end":"65","go_to":"intro","sound":"100"}}],"background_color":"#000000"}],"dead_3":[{"background_image":"","dialogs":[{"video":{"url":"time_gal.mp4","time_start":"65.2","time_end":"66.2","go_to":"intro","sound":"100"}}],"background_color":"#000000"}],"dead_4":[{"background_image":"","dialogs":[{"video":{"url":"time_gal.mp4","time_start":"101.2","time_end":"103","go_to":"intro","sound":"100"}}],"background_color":"#000000"}],"dead_5":[{"background_image":"","dialogs":[{"video":{"url":"time_gal.mp4","time_start":"103.13","time_end":"105","go_to":"intro","sound":"100"}}],"background_color":"#000000"}],"dead_6":[{"background_image":"","dialogs":[{"video":{"url":"time_gal.mp4","time_start":"105.14","time_end":"107.2","go_to":"intro","sound":"100"}}],"background_color":"#000000"}],"dead_7":[{"background_image":"","dialogs":[{"video":{"url":"time_gal.mp4","time_start":"107.3","time_end":"109","go_to":"intro","sound":"100"}}],"background_color":"#000000"}]}